"OBCOD","OBCTT","OBCDE","OBRES"
"304","042",CORTE E MEDICAO,""
"304","043",TORCIMENTO,""
"304","044",EXTRUSAO,""
"304","045",PCP,""
"304","046",RECUPERACAO,""
"304","047",DESCASQUE/SUCATA,""
"304","048",FLEXIVEIS,""
"304","049",REPASSE,""
"304","050",GRAVACAO DE VEIAS,""
"304","051",ENFAIXATRIZ,""
"304","053",EMPILHADEIRA,""
"304","055",APOIO,""
"304","060",CONTROLE DE QUALIDADE,""
"304","041",TREFILACAO,""
"304","151",CASA ALUGUEIS,""
"304","001",GERAL,""
"304","056",MANUTENCAO,""
"304","040",ADM DE PRODUCAO,""
"304","057",CALDERARIA,""
