"CHTIP","CHDAT","CHVEN","CHBAN","CHNUM","CHORD","CHEMI","CHVLR","CVALA","CHSTA","CHSAA","BANCOD","NCHEQ","NREME","RETPO","RETPA","ORIGC","REMNO","DIDEN","DUNOM","DUEND","DFONE","DMUNI","DUF","DCEP","DIES","DCEND","DCMUN","DCUF","DCCEP","FAJUT","ENTID","DABAN"
"",,2012-05-01,"","000251","3",FBL FUNDICAO BRASILEIRA,5304.0,,"","","","","","1","","","","",ARGE LTDA,"","","","","","","","","","",,"",
"",,2012-05-05,"","000290","3",FBL FUNDICAO BRASILEIRA,4870.66,,"","","","","",Q,"","","","",FERRAMENTARIA JJ LTDA - EPP,"","","","","","","","","","",,"",
"",,2012-05-05,"","000829","2",FBL FUNDICAO BRASILEIRA,15744.2,,"","","","","",Q,"","","","",MOTOCICLO PECAS E SERVICOS LTDA ME,"","","","","","","","","","",,"",
"",,2012-05-07,"","000252","3",FBL FUNDICAO BRASILEIRA,7072.0,,"","","","","","1","","","","",ARGE LTDA,"","","","","","","","","","",,"",
"",,2012-05-17,"","002149","1",FBL FUNDICAO BRASILEIRA,8929.22,,"","","","","","1","","","","",DABI ATLANTE IND MEDICO ADONTOLOGICAS LT,"","","","","","","","","","",,"",
"",,2012-06-04,"","000829","3",FBL FUNDICAO BRASILEIRA,15744.2,,"","","","","","1","","","","",MOTOCICLO PECAS E SERVICOS LTDA ME,"","","","","","","","","","",,"",
