"UCOD","UNOM","USEN","USET","WTOTVI","UMEN","DESV","DEVE","UCOR"
MARIO,MARIO AUGUSTO MOREIRA GOMES,"6157",PR0,,"0001",false,true,""
REYDE,PAULO ROBERTO REYDE,"5926",IN1,,"0002",false,,""
MARCELO,MARCELO ANDERSON DOS SANTOS,"5020",IN0,,"0003",false,,""
NILSON,NILSON GOMES RAMOS JUNIOR,"0901",CM0,,"0004",false,,""
ADEMIR,ADEMIR ANDRADE DE SOUZA,irac,IN0,,"0005",false,,""
CLEDER,CLEDER CORRAL PROVENCIO,"1955",DI0,,"0009",false,,""
MARCELOH,MARCELO HENRIQUE DA SILVA,LKSD,VE0,,"0012",false,true,""
IDA,IDAMARA DOS SANTOS LEMES,"2698",VE1,,"0013",,,""
FLAVIO,FLAVIO EMILIANO IGNACIO,"8842",VE1,,"0014",,,""
ILZA,ILZA MIRANDA,"3006",FI0,,"0015",,,""
LUCIA,MARIA LUCIA ARANTES,"1411",CTB,,"0016",,,""
LEONAR,LEONAR HELTON DOS REIS,"0028",CTB,,"0017",,,""
CABETE,MARCOS SOARES RAMOS CABETE,"220v",GI0,,"0018",false,,""
DADO,CARLOS EDUARDO F.LAURENTIZ,"1234",DI0,,"0019",,,""
VANIA,VANIA GILDA SILVA,"0324",VE1,,"0021",,,""
DARCIO,DARCIO GIRAFFA,"28dg",MA0,,"0027",,,""
NIVALDO,NIVALDO RODRIGUES DO NASCIMENTO,"6321",AL0,,"0031",false,,""
RITA,RITA DE CASSIA ALVES DE OLIVEIRA,"6623",VE1,,"0041",,,""
ANTONIO,ANTONIO CARLOS COLUMBARO,"1415",CM0,,"0053",false,,""
GERALDO,GERALDO ROBERTO DE CARVALHO,"2020",AL1,,"0054",,,""
PAULO,PAULO SERGIO DA SILVA,"8455",AL1,,"0055",,,""
EDNA,EDNA CRISTINA VICTOR,"0000",TEL,,"0069",,,""
ANA_PAULA,ANA PAULA BORGES,"2819",VE1,,"0073",,,""
CLAUDIO,CLAUDIO DONIZETE DOS SANTOS,"2255",CM1,,"0080",,,""
CRISTIANE,CRISTIANE REGINA RENSI,"2205",DPS,,"0087",,,""
DENISE,DENISE SOARES BARBOSA DE QUEIROZ,"0502",FI0,,"0092",,,""
CARLOS,CARLOS ANTONIO APARECIDO COSTA,"0205",CM0,,"0093",,,""
FATIMA,MARIA DE FATIMA MEDINA,"4142",PR0,,"0100",,,""
CRISTIANE_S,CRISTIANE GOMES DA SILVA,"0704",FI2,,"0102",,,""
RAFAEL,RAFAEL FRANCISCO BARRELLA BEVILACQUA,rrff,PR0,,"0106",,,""
PRISCILA,PRISCILA FERREIRA IOTTI,"0208",SU0,,"0110",,,""
PATRICIA,PATRICIA PALARO,"2653",VE1,,"0112",,,""
JOSEILDO,JOSEILDO DOS SANTOS DE JESUS,"1010",AL1,,"0113",,,""
PIRES,DANIEL CARLOS PIRES,"3719",IN0,,"0115",false,,""
CIPA,COMISSAO INTERNA DE PREV.DE ACIDENTES,"0000",MEI,,"0120",,,""
ARTUR,ARTUR RODRIGO BALSAN,"9632",IN0,,"0126",,,""
JADIAEL,JADIAEL GUEDES DE SOUZA,"2100",AL1,,"0128",,,""
RICARDOF,RICARDO FARIAS DA SILVA PINTO,"1234",IN1,,"0129",,,""
FERNANDO,FERNANDO DA CUNHA LEMES,"1938",IN1,,"0133",,,""
PEDRO,PEDRO CASTELLI,"0569",CTB,,"0135",,,""
RENEE,RENEE AP.NOVEMBRE FREGUINANI,"1294",FI0,,"0137",,,""
EDUARDO,EDUARDO DE PADUA SCAGLIONI,"1234",PR0,,"0142",false,,MS
DENIS,DENIS WILIANS GIRAFFA,"0624",MA0,,"0143",,,MS
CASSIO,CASSIO APARECIDO MACHADO,"3497",LB0,,"0144",false,,MS
ROSANGELA,ROSANGELA APARECIDA MELO,"4321",PR0,,"0145",,,MS
ANDRE,ANDRE LUIZ DA SILVA,"1412",CM0,,"0148",,,""
JANE,JANE KELI GIRAFFA RIBEIRO DOS SANTOS,"3107",SU1,,"0150",,,""
RICARDO,RICARDO JARDIM CARVALHO,"0123",IN0,,"0154",,,MS
GILSON,GILSON JOSE DA SILVA,"0000",AL0,,"0158",,,""
ALISSON,ALISSON CARLOS VIEIRA,"2020",LB0,,"0163",,,""
ROSSINI,DANIEL DIEZ ROSSINI,"12hc",LB1,,"0164",,,""
JOAOF,JOAO FERNANDO VIEIRA DE CARVALHO,"7415",LB0,,"0165",,,""
JESSICA,JESSICA DE OLIVEIRA RODRIGUES,"1425",LB0,,"0166",,,""
MORENO,EDUARDO MORENO,"0609",DP1,,"0167",,,""
LUIZF,LUIZ FERNANDO OFICIATI MACEDO,"1397",LB0,,"0168",,,""
FLAVIANO,FLAVIANO FERREIRA DE OLIVEIRA,"5832",IN0,,"0171",,,""
CRIS_SILVA,CRISTIANE MIRANDA FAUSTINO DA SILVA,"2195",FI2,,"0172",,,""
RENATA,RENATA RENSI,"0360",DPS,,"0174",,,""
MARCELOS,MARCELO HENRIQUE DA SILVA,"2829",IN0,,"0184",,,""
TIAGO,TIAGO CESAR POSSEBOM,"1211",LB0,,"0185",,,""
LEONARDO,LEONARDO DIOGO DA SILVA,fran,AL1,,"0186",,,""
MATHEUS,MATHEUS DE OLIVEIRA LIMA,"5310",IN0,,"0190",,,""
LEANDRO,LEANDRO FERNANDES,"1214",LB0,,"0192",,,""
DOUGLAS,DOUGLAS OLIVEIRA DA SILVA,"4646",LB0,,"0193",,,""
ELOISA,ELOISA HELENA DOS SANTOS,"0405",CTB,,"0197",,,""
NELSON,NELSON YABUKI,"1234",GI0,,"0199",,,""
AMARILDO,AMARILDO DE AZEVEDO RAMOS,"5102",IN1,,"0200",,,""
LUCIANA_P,LUCIANA PINHA,"2020",SU1,,"0201",,,""
KET,KETILLIN DOS SANTOS,"2911",VE1,,"0202",,,""
LUCIANA,LUCIANA CRISTINA DE MARCIO,"1209",PR0,,"0204",,,""
LUIZ,LUIZ FERNANDO MAGALHAES,"2783",IN1,,"0206",,,""
CAIO,CAIO CESAR FERREIRA FELIPE,"0986",LB1,,"0208",,,""
FERNANDOV,FERNANDO VIEIRA GOMES,"1307",LB0,,"0209",,,""
PRISCILAM,PRISCILA CRISTINA MORENO,"1309",IN0,,"0210",,,""
KEILA,KEILA CRISTINA DA SILVA PAULINO,"1308",FI1,,"0211",,,""
PAULA,PAULA CAROLINE DE OLIVEIRA,"1926",FI1,,"0212",,,""
ANA,ANA PAULA SOUZA NOBRE,"1502",PR0,,"0213",,,""
MARCOS,ANTONIO MARCOS ALVES,"2605",IN0,,"0214",,,""
SANDRO,MARCIO SANDRO BRITODA SILVA,"4321",IN0,,"0215",,,""
VANESSA,VANESSA ROMERO SANTOS,"1802",VE1,,"0216",,,""
CARLOSR,CARLOS RAFAEL POSSEBON,"2028",LB1,,"0217",,,""
MANOEL,MANOEL MARIANO DE SOUZA,"3035",AL1,,"0218",,,""
DAIANE,DAIANE CRISTINA DOMINGUES,"1619",FI1,,"0219",,,""
MATEUS,MATEUS DE SOUZA SILVA,"0102",LB0,,"0220",,,""
GUILHERME,GUILHERME ANTONIO BORGES,word,LB0,,"0221",,,""
EVERTON,EVERTON TIAGO DA SILVA CASONATO,"4321",IN1,,"0222",,,""
ELISEU,ELISEU BRONDI,"1103",IN0,,"0223",,,""
RIZONAN,RIZONAN BATISTA GONCALVES,"1020",IN0,,"0224",,,""
NALDO,JOSE ROSENALDO LISBOA,"9685",AL1,,"0225",,,""
ANDREL,ANDRE LUIS DA SILVA,"1819",IN1,,"0226",,,""
RODRIGO,RODRIGO CUNHA DOS SANTOS,"2913",AL1,,"0227",,,""
ALESSANDRO,ALESSANDRO MOTA SILVA,"0000",LB0,,"0228",,,""
