"MESTA","MECOD","MEORI","MEDES","DENOM","ORNOM","MEDAT","MEHOR","MEASS","LIDAT","LIHOR"
"1","000001","1001","1005",ADEMIR,MARIO,2008-07-03,"10:01:23",MENSAGENS INTERNAS,,""
"1","000001","1001","1094",ALCIDES,MARIO,2008-07-03,"10:01:23",MENSAGENS INTERNAS,,""
"1","000001","1001","1096",ALEXANDRA,MARIO,2008-07-03,"10:01:23",MENSAGENS INTERNAS,,""
"1","000001","1001","1044",ALISSON,MARIO,2008-07-03,"10:01:23",MENSAGENS INTERNAS,,""
"1","000001","1001","1059",AMARILDO,MARIO,2008-07-03,"10:01:23",MENSAGENS INTERNAS,,""
"1","000001","1001","1068",ANA,MARIO,2008-07-03,"10:01:23",MENSAGENS INTERNAS,,""
"1","000001","1001","1023",ANA_PAULA,MARIO,2008-07-03,"10:01:23",MENSAGENS INTERNAS,,""
"1","000001","1001","1042",ANDRE,MARIO,2008-07-03,"10:01:23",MENSAGENS INTERNAS,,""
"1","000001","1001","1019",ANTONIO,MARIO,2008-07-03,"10:01:23",MENSAGENS INTERNAS,,""
"1","000001","1001","1069",ANTONIOM,MARIO,2008-07-03,"10:01:23",MENSAGENS INTERNAS,,""
"1","000001","1001","1035",ARTUR,MARIO,2008-07-03,"10:01:23",MENSAGENS INTERNAS,,""
"1","000001","1001","1013",CABETE,MARIO,2008-07-03,"10:01:23",MENSAGENS INTERNAS,,""
"1","000001","1001","1063",CAIO,MARIO,2008-07-03,"10:01:23",MENSAGENS INTERNAS,,""
"1","000001","1001","1097",CARLA,MARIO,2008-07-03,"10:01:23",MENSAGENS INTERNAS,,""
"1","000001","1001","1027",CARLOS,MARIO,2008-07-03,"10:01:23",MENSAGENS INTERNAS,,""
"1","000001","1001","1071",CARLOSR,MARIO,2008-07-03,"10:01:23",MENSAGENS INTERNAS,,""
"1","000001","1001","1081",CASSIO,MARIO,2008-07-03,"10:01:23",MENSAGENS INTERNAS,,""
"1","000001","1001","1118",CILAS,MARIO,2008-07-03,"10:01:23",MENSAGENS INTERNAS,,""
"1","000001","1001","1024",CLAUDIO,MARIO,2008-07-03,"10:01:23",MENSAGENS INTERNAS,,""
"1","000001","1001","1006",CLEDER,MARIO,2008-07-03,"10:01:23",MENSAGENS INTERNAS,,""
"1","000001","1001","1025",CRISTIANE,MARIO,2008-07-03,"10:01:23",MENSAGENS INTERNAS,,""
"1","000001","1001","1029",CRISTIANE_S,MARIO,2008-07-03,"10:01:23",MENSAGENS INTERNAS,,""
"1","000001","1001","1051",CRIS_SILVA,MARIO,2008-07-03,"10:01:23",MENSAGENS INTERNAS,,""
"1","000001","1001","1014",DADO,MARIO,2008-07-03,"10:01:23",MENSAGENS INTERNAS,,""
"1","000001","1001","1073",DAIANE,MARIO,2008-07-03,"10:01:23",MENSAGENS INTERNAS,,""
"1","000001","1001","1016",DARCIO,MARIO,2008-07-03,"10:01:23",MENSAGENS INTERNAS,,""
"1","000001","1001","1041",DENIS,MARIO,2008-07-03,"10:01:23",MENSAGENS INTERNAS,,""
"2","000001","1001","1026",DENISE,MARIO,2008-07-03,"10:01:23",MENSAGENS INTERNAS,2008-07-03,"10:32:08"
"1","000001","1001","1093",DEREK,MARIO,2008-07-03,"10:01:23",MENSAGENS INTERNAS,,""
"1","000001","1001","1085",DIMAS,MARIO,2008-07-03,"10:01:23",MENSAGENS INTERNAS,,""
"1","000001","1001","1057",DOUGLAS,MARIO,2008-07-03,"10:01:23",MENSAGENS INTERNAS,,""
"1","000001","1001","1022",EDNA,MARIO,2008-07-03,"10:01:23",MENSAGENS INTERNAS,,""
"1","000001","1001","1080",EDUARDO,MARIO,2008-07-03,"10:01:23",MENSAGENS INTERNAS,,""
"1","000001","1001","1110",EDUARDOJ,MARIO,2008-07-03,"10:01:23",MENSAGENS INTERNAS,,""
"2","000001","1001","1077",ELISEU,MARIO,2008-07-03,"10:01:23",MENSAGENS INTERNAS,2008-07-03,"17:23:23"
"1","000001","1001","1058",ELOISA,MARIO,2008-07-03,"10:01:23",MENSAGENS INTERNAS,,""
"1","000001","1001","1111",ENEAS,MARIO,2008-07-03,"10:01:23",MENSAGENS INTERNAS,,""
"1","000001","1001","1076",EVERTON,MARIO,2008-07-03,"10:01:23",MENSAGENS INTERNAS,,""
"1","000001","1001","1112",FABIO,MARIO,2008-07-03,"10:01:23",MENSAGENS INTERNAS,,""
"1","000001","1001","1101",FALEK,MARIO,2008-07-03,"10:01:23",MENSAGENS INTERNAS,,""
"1","000001","1001","1028",FATIMA,MARIO,2008-07-03,"10:01:23",MENSAGENS INTERNAS,,""
"1","000001","1001","1038",FERNANDO,MARIO,2008-07-03,"10:01:23",MENSAGENS INTERNAS,,""
"1","000001","1001","1064",FERNANDOV,MARIO,2008-07-03,"10:01:23",MENSAGENS INTERNAS,,""
"1","000001","1001","1050",FLAVIANO,MARIO,2008-07-03,"10:01:23",MENSAGENS INTERNAS,,""
"1","000001","1001","1009",FLAVIO,MARIO,2008-07-03,"10:01:23",MENSAGENS INTERNAS,,""
"1","000001","1001","1090",FRANCISCO,MARIO,2008-07-03,"10:01:23",MENSAGENS INTERNAS,,""
"1","000001","1001","1020",GERALDO,MARIO,2008-07-03,"10:01:23",MENSAGENS INTERNAS,,""
"1","000001","1001","1084",GILSON,MARIO,2008-07-03,"10:01:23",MENSAGENS INTERNAS,,""
"1","000001","1001","1075",GUILHERME,MARIO,2008-07-03,"10:01:23",MENSAGENS INTERNAS,,""
"1","000001","1001","1105",GUSTAVO,MARIO,2008-07-03,"10:01:23",MENSAGENS INTERNAS,,""
"1","000001","1001","1095",HIGOR,MARIO,2008-07-03,"10:01:23",MENSAGENS INTERNAS,,""
"1","000001","1001","1008",IDA,MARIO,2008-07-03,"10:01:23",MENSAGENS INTERNAS,,""
"1","000001","1001","1010",ILZA,MARIO,2008-07-03,"10:01:23",MENSAGENS INTERNAS,,""
"1","000001","1001","1036",JADIAEL,MARIO,2008-07-03,"10:01:23",MENSAGENS INTERNAS,,""
"1","000001","1001","1043",JANE,MARIO,2008-07-03,"10:01:23",MENSAGENS INTERNAS,,""
"1","000001","1001","1047",JESSICA,MARIO,2008-07-03,"10:01:23",MENSAGENS INTERNAS,,""
"2","000001","1001","1046",JOAOF,MARIO,2008-07-03,"10:01:23",MENSAGENS INTERNAS,2008-07-03,"17:21:44"
"1","000001","1001","1108",JOSE,MARIO,2008-07-03,"10:01:23",MENSAGENS INTERNAS,,""
"1","000001","1001","1033",JOSEILDO,MARIO,2008-07-03,"10:01:23",MENSAGENS INTERNAS,,""
"1","000001","1001","1113",JULIANA,MARIO,2008-07-03,"10:01:23",MENSAGENS INTERNAS,,""
"1","000001","1001","1066",KEILA,MARIO,2008-07-03,"10:01:23",MENSAGENS INTERNAS,,""
"1","000001","1001","1061",KET,MARIO,2008-07-03,"10:01:23",MENSAGENS INTERNAS,,""
"1","000001","1001","1104",LAZARO,MARIO,2008-07-03,"10:01:23",MENSAGENS INTERNAS,,""
"1","000001","1001","1056",LEANDRO,MARIO,2008-07-03,"10:01:23",MENSAGENS INTERNAS,,""
"1","000001","1001","1012",LEONAR,MARIO,2008-07-03,"10:01:23",MENSAGENS INTERNAS,,""
"1","000001","1001","1055",LEONARDO,MARIO,2008-07-03,"10:01:23",MENSAGENS INTERNAS,,""
"1","000001","1001","1103",LUCAS,MARIO,2008-07-03,"10:01:23",MENSAGENS INTERNAS,,""
"1","000001","1001","1011",LUCIA,MARIO,2008-07-03,"10:01:23",MENSAGENS INTERNAS,,""
"1","000001","1001","1092",LUCIANA,MARIO,2008-07-03,"10:01:23",MENSAGENS INTERNAS,,""
"1","000001","1001","1060",LUCIANA_P,MARIO,2008-07-03,"10:01:23",MENSAGENS INTERNAS,,""
"1","000001","1001","1062",LUIZ,MARIO,2008-07-03,"10:01:23",MENSAGENS INTERNAS,,""
"1","000001","1001","1049",LUIZF,MARIO,2008-07-03,"10:01:23",MENSAGENS INTERNAS,,""
"1","000001","1001","1091",LUIZ_CARLOS,MARIO,2008-07-03,"10:01:23",MENSAGENS INTERNAS,,""
"1","000001","1001","1072",MANOEL,MARIO,2008-07-03,"10:01:23",MENSAGENS INTERNAS,,""
"1","000001","1001","1003",MARCELO,MARIO,2008-07-03,"10:01:23",MENSAGENS INTERNAS,,""
"1","000001","1001","1107",MARCELOF,MARIO,2008-07-03,"10:01:23",MENSAGENS INTERNAS,,""
"1","000001","1001","1007",MARCELOH,MARIO,2008-07-03,"10:01:23",MENSAGENS INTERNAS,,""
"1","000001","1001","1053",MARCELOS,MARIO,2008-07-03,"10:01:23",MENSAGENS INTERNAS,,""
"1","000001","1001","1086",MARCIO,MARIO,2008-07-03,"10:01:23",MENSAGENS INTERNAS,,""
"1","000001","1001","1114",MARCOS,MARIO,2008-07-03,"10:01:23",MENSAGENS INTERNAS,,""
"1","000001","1001","1089",MARIALDO,MARIO,2008-07-03,"10:01:23",MENSAGENS INTERNAS,,""
"1","000001","1001","1117",MARIOM,MARIO,2008-07-03,"10:01:23",MENSAGENS INTERNAS,,""
"1","000001","1001","1074",MATEUS,MARIO,2008-07-03,"10:01:23",MENSAGENS INTERNAS,,""
"1","000001","1001","1087",MATHEUS,MARIO,2008-07-03,"10:01:23",MENSAGENS INTERNAS,,""
"1","000001","1001","1088",MAURO,MARIO,2008-07-03,"10:01:23",MENSAGENS INTERNAS,,""
"1","000001","1001","1048",MORENO,MARIO,2008-07-03,"10:01:23",MENSAGENS INTERNAS,,""
"1","000001","1001","1079",NALDO,MARIO,2008-07-03,"10:01:23",MENSAGENS INTERNAS,,""
"1","000001","1001","1102",NELSON,MARIO,2008-07-03,"10:01:23",MENSAGENS INTERNAS,,""
"1","000001","1001","1004",NILSON,MARIO,2008-07-03,"10:01:23",MENSAGENS INTERNAS,,""
"1","000001","1001","1017",NIVALDO,MARIO,2008-07-03,"10:01:23",MENSAGENS INTERNAS,,""
"1","000001","1001","1099",ORLANDO,MARIO,2008-07-03,"10:01:23",MENSAGENS INTERNAS,,""
"1","000001","1001","1032",PATRICIA,MARIO,2008-07-03,"10:01:23",MENSAGENS INTERNAS,,""
"1","000001","1001","1067",PAULA,MARIO,2008-07-03,"10:01:23",MENSAGENS INTERNAS,,""
"1","000001","1001","1021",PAULO,MARIO,2008-07-03,"10:01:23",MENSAGENS INTERNAS,,""
"1","000001","1001","1116",PAULOH,MARIO,2008-07-03,"10:01:23",MENSAGENS INTERNAS,,""
"1","000001","1001","1039",PEDRO,MARIO,2008-07-03,"10:01:23",MENSAGENS INTERNAS,,""
"2","000001","1001","1034",PIRES,MARIO,2008-07-03,"10:01:23",MENSAGENS INTERNAS,2008-07-03,"16:40:57"
"1","000001","1001","1031",PRISCILA,MARIO,2008-07-03,"10:01:23",MENSAGENS INTERNAS,,""
"1","000001","1001","1065",PRISCILAM,MARIO,2008-07-03,"10:01:23",MENSAGENS INTERNAS,,""
"1","000001","1001","1030",RAFAEL,MARIO,2008-07-03,"10:01:23",MENSAGENS INTERNAS,,""
"1","000001","1001","1052",RENATA,MARIO,2008-07-03,"10:01:23",MENSAGENS INTERNAS,,""
"1","000001","1001","1098",RENATO,MARIO,2008-07-03,"10:01:23",MENSAGENS INTERNAS,,""
"1","000001","1001","1040",RENEE,MARIO,2008-07-03,"10:01:23",MENSAGENS INTERNAS,,""
"1","000001","1001","1002",REYDE,MARIO,2008-07-03,"10:01:23",MENSAGENS INTERNAS,,""
"1","000001","1001","1083",RICARDO,MARIO,2008-07-03,"10:01:23",MENSAGENS INTERNAS,,""
"1","000001","1001","1037",RICARDOF,MARIO,2008-07-03,"10:01:23",MENSAGENS INTERNAS,,""
"1","000001","1001","1018",RITA,MARIO,2008-07-03,"10:01:23",MENSAGENS INTERNAS,,""
"1","000001","1001","1078",RIZONAN,MARIO,2008-07-03,"10:01:23",MENSAGENS INTERNAS,,""
"1","000001","1001","1115",RODOLFO,MARIO,2008-07-03,"10:01:23",MENSAGENS INTERNAS,,""
"1","000001","1001","1109",RODRIGO,MARIO,2008-07-03,"10:01:23",MENSAGENS INTERNAS,,""
"1","000001","1001","1100",RODRIGUES,MARIO,2008-07-03,"10:01:23",MENSAGENS INTERNAS,,""
"1","000001","1001","1082",ROSANGELA,MARIO,2008-07-03,"10:01:23",MENSAGENS INTERNAS,,""
"1","000001","1001","1045",ROSSINI,MARIO,2008-07-03,"10:01:23",MENSAGENS INTERNAS,,""
"1","000001","1001","1106",SANDRO,MARIO,2008-07-03,"10:01:23",MENSAGENS INTERNAS,,""
"1","000001","1001","1054",TIAGO,MARIO,2008-07-03,"10:01:23",MENSAGENS INTERNAS,,""
"1","000001","1001","1070",VANESSA,MARIO,2008-07-03,"10:01:23",MENSAGENS INTERNAS,,""
"1","000001","1001","1015",VANIA,MARIO,2008-07-03,"10:01:23",MENSAGENS INTERNAS,,""
