"COCOD","CODESC","FCOD"
"009971",BCO ITAU S/A-K.GIRO : 41579886-7,"000439"
"010171",BCO ITAU S/A-K.GIRO : 31688758-7,"000439"
"009931",BCO ITAU S/A-K.GIRO : 77518157-1,"000439"
"009876",BCO ITAU S/A-K.GIRO : 77967978-6,"000439"
"009877",BCO ITAU S/A-APLICACAO CDB : 210.123214,"000439"
"009562",BCO SANTANDER S/A-K.GIRO : 6720,"000878"
"009561",BCO SANTANDER S/A-K.GIRO : 6810,"000878"
"009572",BCO SANTANDER S/A-K.GIRO : 7120,"000878"
"009687",BCO SANTANDER S/A-K.GIRO : 7720,"000878"
"009688",BCO SANTANDER S/A-K.GIRO : 7740,"000878"
"009884",BCO SANTANDER S/A-K.GIRO : 8390,"000878"
"009833",BCO SANTANDER S/A-K.GIRO : 270.213.310,"000878"
"009690",BCO SANTADER S/A-AVAL : 7960,"000878"
"009692",BCO SANTANDER S/A-AVAL : 270.119.310,"000878"
"010275",BCO INTERCAP S/A-CCE : 0902/01/11,"000800"
"003333",DDD,""
"000155","111","000438"
"034243",DDD,"008170"
"000144",DSLSADLSADLSADLSADSDL,"000541"
"001444",DSDSSDA,"008049"
"009632",BCO SOFISA S/A-K.GIRO : 85748,"000335"
"009910",BCO SAFRA S/A-K.GIRO : 103075-2,"000984"
"009655",BCO SAFRA S/A-K.GIRO : 102837-5,"000984"
"009787",BCO SAFRA S/A-K.GIRO : 103090-6,"000984"
"009822",BCO SAFRA S/A-K.GIRO : 103002-7,"000984"
"009677",BCO SAFRA S/A - K.GIRO : 102875-8,"000984"
"009784",BCO SAFRA S/A - K.GIRO : 102964.9,"000984"
"009985",BCO SAFRA S/A - K.GIRO : 103050-7,"000984"
"009930",BCO SAFRA S/A - K.GIRO : 103098-1,"000984"
"009691",BCO SANTANDER S/A-K.GIRO : 7970,"000878"
"009443",BCO INTERCAP S/A - K.GIRO :0501/03/10,"000800"
"009831",BCO INTERCAP S/A-K.GIRO :0744/03/10,"000800"
"009892",BCO VOTORANTIM S/A-K.GIRO : 10.0880/95,"000551"
"009270",BCO MERCTL S/A-K.GIRO : 7382410-0,"000260"
"009417",BCO MERCTL S/A-K.GIRO : 753805-8,"000260"
"009460",BCO MERCTL S/A-K.GIRO : 7750885-8,"000260"
"009242",BCO MERCTL S/A-K.GIRO : 7303549-1,"000260"
"009590",BCO MERCTL S/A-K.GIRO : 8046213-8,"000260"
"009887",BCO MERCTL S/A-K.GIRO : 8501999-2,"000260"
"009830",BANCO DAYCOVAL S/A-K.GIRO : 66946/10,"001826"
"009839",BCO BRICKELL S/A-K.GIRO : 210,"000809"
"009652",BCO PAULISTA S/A-K.GIRO : 447957,"000671"
"009702",BCO RENDIMENTO S/A-K.GIRO : 10050/2010,"000834"
"009613",BCO RENDIMENTO S/A-K.GIRO : 10100/2010,"000834"
"009857",BCO RENDIMENTO S/A-K.GIRO : 10189/2010,"000834"
"009873",BCO FIBRA S/A-K.GIRO : CG600110,"000835"
"009238",BCO FIBRA S/A-K.GIRO : CG707709,"000835"
"009268",BCO FIBR AS/A-K.GIRO : CG698609,"000835"
"009423",BCO FIBRA S/A-K.GIRO : CG178310,"000835"
"009320",BCO FIBRA S/A-K.GIRO : CG013010,"000835"
"009247",BCO FIBRA S/A-K.GIRO : CG749709,"000835"
"009886",BCO FIBRA S/A-K.GIRO : CG134010,"000835"
"009459",BCO FIBRA S/A-K.GIRO : CG239410,"000835"
"009517",BCO FIBRA S/A-K.GIRO : CG363810,"000835"
"009875",BCO FIBRA S/A-K.GIRO : CG895110,"000835"
"009788",BCO FIBRA S/A-K.GIRO : CG92010,"000835"
"009823",BCO ABC S/A-K.GIRO : 1011510,"000672"
"009911",BCO ABC S/A-K.GIRO : 1205210,"000672"
"008796",CX.ECON.FEDERAL S/A-K.GIRO : 1156.2881,"008048"
"009009",CX.ECON.FEDERAL S/A-K.GIRO:117828813058,"008048"
"010916",BCO ABC S/A-K.GIRO : 1327811,"000672"
"009776",BCO ABC S/A- ACC : 10/002419,"000672"
"009642",BCO ABC S/A- APL. CDB-1011510-1205210,"000672"
"010921",BIC BCO S/A- CCE: 1129839,"000329"
"009956",BIC BCO S/A- ACC : 10003398,"000329"
"010934",BIC BCO S/A - ACC : 11000004,"000329"
"010521",BIC BCO S/A - 1121832,"000749"
"009984",CX.ECON.FEDERAL S/A-K.GIRO : 28816065930,"008048"
"010952",BCO INTERCAP S/A-K.GIRO : 0902/01/11,"000800"
"010958",BCO PAULISTA S/A-ACC : 11/000721,"000671"
"010979",BCO PAULISTA S/A-APL.CDB,"000671"
"011015",BCO SANTANDER S/A - K.GIRO : 9230,"000878"
"009988",BCO FIBRA S/A-K.GIRO : CG1196810,"000835"
"011047",BCO FIBRA S/A-K.GIRO : CG063811,"000835"
"009789",BCO RIB PRETO S/A-K.GIRO: 478094,"000998"
"011063",BCO SANTANDER S/A-K.GIRO : 7120,"000878"
"001129",BCO SOFISA S/A - K.GIRO : 86893,"000335"
"011291",BCO SOFISA S/A - K.GIRO : 86803,"000335"
"011292",BCO SOFISA S/A - K.GIRO : 86807,"000335"
"009983",BCO PAULISTA S/A - K.GIRO : 53995-6,"000671"
"011295",BIC BCO S/A-CARTA CREDITO : 469/00/10,"000329"
"011296",BCO FIBRA S/A-K.GIRO : CG800710,"000835"
"011297",BCO FIBRA S/A - K.GIRO : CG585810,"000835"
"009972",BCO RURAL S/A - ACC : 10/003754,"008247"
"009962",BCO SAFRA S/A-K.GIRO : 103091.4,"000984"
"011293",BCO SOFISA S/A - K.GIRO :86893,"000335"
"011294",BCO VOTORANTIM S/A-K.GIRO : 10088942,"000551"
"011293",BCO SOFISA S/A - K.GIRO : 86893,"000335"
"012253",BCO SAFRA S/A-K.GIRO : 103190-2,"000984"
"012254",BCO SAFRA S/A-ADITA/TO : 102965-7,"000984"
"012325",BCO SANTANDER S/A-ACC : 11/025677,"000878"
"012196",BCO SANTANDER S/A-ACC : 11/001121,"000878"
"012198",BCO SANTANDER S/A-ACC : 11/002067,"000878"
"012313",BCO SANTANDER S/A-ACC : 11/010255,"000878"
"012314",BCO SANTANDER S/A-ACC : 11/019487,"000878"
"012315",BCO SANTANDER S/A-ACC : 11/024444,"000878"
"012188",BIC BCO S/A-ACC : 07/08/11,"000329"
"012307",BIC BCO S/A-ACC : 11/000564,"000329"
"012316",BIC BCO S/A-ACC : 11/000654,"000329"
"012317",BIC BCO S/A-ACC : 11/000725,"000329"
"012318",BCO VOTORANTIM S/A-ACC : 11/000619,"000551"
"012306",BCO RURAL S/A-ACC : 11/000671,"008247"
"012287",BCO SOFISA S/A-ACC : 11/000232,"000335"
"012298",BCO FIBRA S/A-ACC : 11/000572,"000835"
"012297",BCO FIBRA S/A-ACC : 11/000573,"000835"
"012304",BCO DAYCOVAL S/A-ACC : 11/001164,"001826"
"012326",BCO FIBRA S/A-K.GIRO : 0235511,"000835"
"012327",BCO RENDIMENTO S/A-K.GIRO : 20000102,"000834"
"012328",BCO VOTORANTIM S/A-K.GIRO:715624,"000551"
"012329",BCO ITAU S/A-K.GIRO : 534651104,"000439"
"012341",BCO SOFISA S/A-K.GIRO : 87050,"000335"
"012354",CO INTERCAP S/A K.GIRO: 0027/04/11,"000800"
"012369",BCO VOTORANTIM S/A-CCE : 10115545,"000551"
"012370",BCO BRICKELL S/A-CCB-423,"000809"
"012371",BCO BRICKELL S/A-CCB-424,"000809"
"012372",BCO PAULISTA S/A-CONTRATO : 53995-6,"000671"
"012377",BCO MERCTL S/A-CONTRATO: 9219779-5,"000260"
"012394",BCO SANTANDER S/A-ACC : 11/029788,"000878"
"012395",BIC BCO S/A-ACC : 11/000986,"001090"
"012396",BIC BCO S/A-ACC: 11/01217,"001090"
"012414",BCO SANTANDER S/A-K.GIRO : 7740,"000878"
"012415",BCO SANTANDER S/A-K.GIRO:7720,"000878"
"012416",BCO SANTANDER S/A-K.GIRO: 6720,"000878"
"012417",BCO SANTANDER S/A-K.GIRO: 6810,"000878"
"012418",BCO FIBRA S/A-K.GIRO: 0420911,"000835"
"012419",BCO ABC S/A-K.GIRO: 1499511,"000672"
"012438",BCO ABC S/A-K.GIRO : 1510011,"000672"
"012465",BCO RENDIMENTO S/A - K.GIRO : 20000178,"000834"
"012466",BCO FIBRA S/A-K.GIRO : 520411,"000835"
"012467",BCO SAFRA S/A-K.GIRO: 103292-5,"000984"
"012501",BCO ABC S/A-CCE CONTR.1568411,"000672"
"012500",BCO INTERMEDIUM S/A-CONTR.7017590,"008632"
"012485",BCO INTERMEDIUM S/A-K.GIRO: 7017590,"008632"
"012485",BCO DAYCOVAL S/A-CONTRATO: 68427/1,"001826"
"012514",BCO INTERMEDIUM S/A-CONTRATO: 7017590,"008632"
"012523",BCO SAFRA S/A-CONTR.103.536-3,"000984"
"012544",BCO ABC S/A-CCE : 1600011,"000672"
"012545",BCO RIB PRETO S/A-CCB: 106/2011,"000998"
"012546",BCO ITAU S/A-40528028-0,"000998"
"012542",BCO SANTANDER S/A-ADITA/TO 7120,"000878"
"012543",BCO SAFRA S/A-103530-4,"000984"
"012558",BCO INTERCAP S/A- CCE: 0142/07/11,"000800"
"012559",BCO FIBRA S/A-CCB : 0663011,"000835"
"012560",BCO DAYCOVAL S/A-CCB : 68427/11,"001826"
"012569",BCO PAULISTA S/A-CCB:539956,"000671"
"012570",BCO INTERCAP S/A-CCE: 0163/07/11,"000800"
"012571",BCO ABC S/A-CCE : 1614911,"000672"
"012572",BCO VOTORANTIM S/A-NCE 950420,"000551"
"012574",BCO INTERMEDIUM S/A-CCB 31549,"008632"
"012608",BCO VOTORANTIM S.A. CCE 10123899,"000551"
"111111",KK,"008123"
"012628",BCO FIBRA S/A CCB CG 0808311,"000835"
"012663",BCO FIBRA S/A CCB 0882711,"000835"
"012664",BCO INTERCAP S/A CCE 0227/09/11,"000800"
"012644",BCO FIBRA S/A CCB 0855511,"000835"
"012679",BCO ITAU S/A K.GIRO : 80616085-9,"000439"
"012686",BCO SANTANDER S/A ACC: 11/098867,"000878"
"012687",BCO RURAL S/A ACC: 11/003415,"008247"
"012688",BCO FIBRA S/A ACC: 11/002796,"000835"
"012637",ATHENABANCO S/A MARCIA NAO USAR (13034),"008622"
"012706",BCO FIBRA S/A - CCB 0942211,"000835"
"012708",BCO BVA S/A K.GIRO : 11009/11,"008060"
"012712",BCO RENDIMENTOS S/A CCB 20000282,"000834"
"012733",BCO INTERCAP S/A - CCE: 0280/10/11,"000800"
"012734",BCO AMAZONIA S/A FINAME: 047-11-0015/3,"008630"
"012735",BCO AMAZONIA S/A FINAME: 047-11-0015/3,"008630"
"012741",BCO BVA S/A - CCB: 000011009/11,"008642"
"012743",BCO ITAU S/A - K.GIRO: 53465110-4,"000439"
"007897",BCO MERCANTIL S/A GRTDA 9718458-6,"000260"
"012750",BCO SAFRA S/A - CCB: 1036980,"000984"
"012751",BCO PAULISTA S/A - CCB: 53995-6,"000671"
"012752",QUATA GESTAO DE REC.LTDA 10683/94 2011,"008643"
"012757",BCO VOTORANTIM S/A CCE: 10128733,"000551"
"012772",FINAME CX ECON FEDERAL N: 00004/50,"008048"
"012773",FINAME CX ECON FEDERAL N: 00006/11,"008048"
"012774",FINAME CX ECON FEDERAL N: 00007/00,"008048"
"012775",FINAME CX ECON FEDERAL N: 00005/30,"008048"
"012800",BCO ABC S/A - CONTRATO : 1833811,"000672"
"012802",BCO SIFRA S/A - FR,"008645"
"012803",BCO BVA S/A - K.GIRO: 11008/11,"008642"
"012808",BCO SAFRA S/A - K.GIRO: 1037234,"000984"
"012814",BCO FIBRA S/A - CCB: 1140111,"000835"
"012839",BCO MERCANTIL S/A - CCB : 9829857-7,"000260"
"012840",BCO INTERCAP S/A - CCE : 0382/12/11,"000800"
"012885",ZFAC FACTORING,"008647"
"012940",BCO SAFRA S/A CCC: 001037820,"000984"
"012941",BCO ABC S/A CCE: 1894711,"000672"
"012947",BCO DA AMAZONIA S/A - CCB 166-0,"008630"
"012948",BCO BVA S/A - CCB 14021,"008642"
"012949",CAIXA ECONOMICA FEDERAL CCB - 68-20,"008048"
"012961",QUATA K.GIRO,"008643"
"013002",BCO RENDIMENTO S/A - CCB 20000377,"000834"
"013003",BCO ABC S/A - CCE 1911512,"000672"
"013004",BCO FIBRA S/A - CCB 0019612,"000835"
"013006",BCO FIBRA S/A - CCB 0035812,"000835"
"013005",BCO FIBRA S/A - CCB 38712,"000835"
"013011",BCO INTERCAP S/A - CCE 0436/01/12,"000800"
"013012",BCO ABC S/A - CCE 1920812,"000672"
"012535",BCO SANTANDER S/A - CCB 9230,"000878"
"013014",BCO SAFRA S/A CCC:001038109,"000984"
"013016",BANCO VOLKSWAGEN S.A.,"008060"
"013016",BCO MERCANTIL S/A - CCB: 10042431-7,"000260"
"013034",ATHENABANCO S/A 24696,"008622"
"013057",BCO RURAL S/A CCB 09/02/2012,"008247"
"013058",BCO FIBRA S/A CCB: 083312,"000835"
"013059",BCO BVA S/A CHEQUE EMPRESA: 45964,"008642"
"013060",BCO SAFRA S/A/ CCB: 1038150,"000984"
"013061",CAIXA ECON. FEDERAL CCB: 000070-45,"008048"
"013062",CAIXA ECON. FEDERAL FINAME: 00006/25,"008048"
"013063",BICBANCO CCB AUTOLIQUIDAVEL,"001090"
"013084",BCO RIBEIRAO PRETO S/A - FINAME,"000998"
"013163",BCO BRICKELL - CCB 777,"000809"
"013164",BCO VOTORANTIM - NCE 10136623,"000551"
"013255",BCO SAFRA SA - CCB 001039539,"000984"
"013254",BCO ABC SA - CCE 204412 U$1239,"000672"
"013253",BCO VOTORANTIM - CCE 10139081  U$ 663,"000551"
"013257",BCO ORIGINAL - CCE 3861/2012 U$287,"008654"
"013258",BCO ORIGINAL - CCE 3862/2012 U$274,"008654"
"013259",BCO ORIGINAL - CCB 3834/2012,"008654"
"013276",BCO DAYCOVAL S/A CONTRATO CEMIG,"001826"
"013294",BCO SANTANDER - CCB 270547512 28/05/12,"000878"
"013295",BCO ABC - NCE 2087512 25/05/2012,"000672"
"013309",BCO DAYCOVAL S/A CCB 70432/12,"001826"
"013308",BCO RENDIMENTO S/A - CCB 510,"000834"
"013315",BCO VOTORANTIM - NCE 10135960,"000551"
"013318",FINAME CX ECON FEDERAL N: 0006/25,"008048"
"013326",BCO BVA S/A - CCB DATA 30/05/2012,"008642"
"013325",BCO SAFRA S/A - CCC N: 1040014/1040359,"000984"
"013324",BICBANCO S/A - CCB N: 11851911,"000329"
"013330",BCO FIBRA S/A - CCCM 0544112,"000835"
"013346",BICBANCO - MUTUO PARC: 11851911,"000329"
"013360",BICBANCO S/A CCB N: 1193311 23/07/12,"000329"
"013373",BIC ARRENDAMENTO MERCTL - LEASING,"000749"
"007963",BCO FIBRA - CONTA GARANTIDA,"000835"
"013410",BCO BRICKELL S/A CCB 940  27/08/12,"000809"
"013415",FINAME BCO RIBEIRAO - SUPICON,"000998"
"013426",BCO RURAL S/A - CCB 00120/25/12,"008247"
"013425",BICBANCO S/A - CCB 1196383,"000329"
"013424",BCO ABC S/A/ - CCE 2208212,"000672"
"013427",BCO TOPAZIO S/A - CCB15152,"000672"
"013427",BCO TOPAZIO S/A - CCB 15152,"008673"
