"IT_TI","IT_GR","IT_BI","IT_CR","LIBER","ITDESC","ITDEC1","ITUNE","CHAVE","EAN13","DIG13","GRUPOP","BITOLA"
"4","408","010","10",,CABO COPPERMED 12/20KV HEPR 105G eg  25 mm2,"",m,"","","",,
"4","408","011","10",,CABO COPPERMED 12/20KV HEPR 105G eg  35 mm2,"",m,"","","",,
"4","408","012","10",,CABO COPPERMED 12/20KV HEPR 105G eg  50 mm2,"",m,"","","",,
"4","408","013","10",,CABO COPPERMED 12/20KV HEPR 105G eg  70 mm2,"",m,"","","",,
"4","408","014","10",,CABO COPPERMED 12/20KV HEPR 105G eg  95 mm2,"",m,"","","",,
"4","408","015","10",,CABO COPPERMED 12/20KV HEPR 105G eg 120 mm2,"",m,"","","",,
"4","408","016","10",,CABO COPPERMED 12/20KV HEPR 105G eg 150 mm2,"",m,"","","",,
"4","408","017","10",,CABO COPPERMED 12/20KV HEPR 105G eg 185 mm2,"",m,"","","",,
"4","408","018","10",,CABO COPPERMED 12/20KV HEPR 105G eg 240 mm2,"",m,"","","",,
"4","408","019","10",,CABO COPPERMED 12/20KV HEPR 105G eg 300 mm2,"",m,"","","",,
"4","408","020","10",,CABO COPPERMED 12/20KV HEPR 105G eg 400 mm2,"",m,"","","",,
"4","408","021","10",,CABO COPPERMED 12/20KV HEPR 105G eg 500 mm2,"",m,"","","",,
