"IT_CR","COR","CODCR","CORGB","COIMG"
"01",MARROM,MR,#996600,""
"02",VERMELHO,VM,#E10000,""
"03",LARANJA,LR,#ff6600,""
"04",AMARELO,AM,#ffff06,""
"05",VERDE,VD,#339933,""
"06",AZUL,AZ,#1111ff,""
"07",VIOLETA,VT,#9966ff,""
"08",CINZA,CZ,#909090,""
"09",BRANCO,BR,#ffffff,""
"10",PRETO,PT,#000000,""
"20",COR NATURAL,NAT,"",""
"21",TRANSPARENTE,INC,"",""
"15",PRETO/VERM.,P/V,"",""
"16",MARFIM,MA1,"",""
"22",BRANCO/PRETO,B/P,"",""
"23",VD/AMARELO,V/A,"",""
"24",TRANSP/VERM.,tVM,"",""
"51",PT/VD/VM,tVD,"",""
"52",TRANSP/AZUL,tAZ,"",""
"60",PRETO(G),Pt*,"",""
"17",BRANCO/AZUL,B/A,"",""
"11",AZUL CLARO,AC,#97d6ff,""
"56",PT/LJ,P/L,"",""
"57",PT/BC,P/B,"",""
"58",VD/BC,VDB,"",""
"59",VM/BC,VMB,"",""
"54",PT/AM,P/A,"",""
"53",PT/VD,VDP,"",""
"61",VM/PT,VMP,"",""
"65",PRETO(V.COL),PTc,"",""
"70",PRETO(EN),PTe,"",""
"25",BC-VD/AM,L/V,"",""
"71",PRETO(EN G),Ptg,"",""
"12",BEGE,BG,#e6bb66,""
"72",PT ENERGISA,"","",""
"73",AZUL T/AMARE,ATA,"",""
"74",VERM T/AMARE,VTA,"",""
"75",PT/BC/VM,PBV,"",""
"77",AZ/CZ/PT,ACP,"",""
"76",BR/VD/PT,BVP,"",""
"78",BR/AZ/PT,PAP,"",""
"13",PRETO (RC),Prc,"",""
"79",PT/VM/AZ,pva,"",""
"14",PRETO (VM),Pvm,"",""
"80",VM/AZ/BR/PT,DV,"",""
"18",PRETO (V/A),Pva,"",""
"19",PRETO (AZ),Paz,"",""
"26",PRETO/FRISO,Pfr,"",""
"62",VM/AZ,Vaz,"",""
"66",PRETO (V.N),Pvn,"",""
"64",AZUL (RC),AZc,"",""
"27",AZUL CL (RC),ACc,"",""
"93",BR/PT/AZCL,Dv.,"",""
"94",AZUL ESCURO,AE,"",""
"95",PT/BC/AZC/VA,Dv.,"",""
"69",PT (BC/AC),Pba,"",""
"63",VERDE (RC),VDc,"",""
"67",AC/ESPIRA PT,aEP,"",""
"96",PT/BR/VM/VD,"4 c","",""
"28",CEMIG,CMG,"",""
"30",VM/VD,c30,"",""
"40",PRETO NUM.,PTn,"",""
"41","PT-PT,AC,MR",PTf,"",""
"42",PT/CZ/VM,PcV,"",""
"43",AZ/CZ/VM,AcV,"",""
"44",PT/CZ,PCz,"",""
"29",PT GRAV.P/MT,c29,"",""
"31",PT/RC GRAV/M,c31,"",""
"32",PT/VM/VD/AM,c32,"",""
"33",PT/BR/AC/VD,c33,"",""
"34",PT/BR/VM/AC,c34,"",""
"35",PT/BC/VA,c35,"",""
"36",PT/BC/AZ/VD,c36,"",""
"37",PT+AZ,Pta,"",""
"38",PT/CZ+AZ,c38,"",""
"39",PT/CZ/VM+AZ,c39,"",""
"82","PT-pt,br",PT1,"",""
"83","PT-pt,br,vd",PT1,"",""
"84","PT-p,b,vd,vm",PT1,"",""
"87","PT-pt,ac",PT2,"",""
"88","PT-pt,ac,br",PT2,"",""
"89","PT-p,ac,b,vm",PT2,"",""
"90",PT BR VD VM,"","",""
"45","3XPT+AZ","","",""
"81",PRETO/OI,"","",""
"46",PT/AC,"","",""
"47",BC GRAV P/MT,"","",""
"92",PT/PT/BR/VM,"","",""
"91",PT/BC/AC/VD,"","",""
"48","2XPT+AZ","","",""
"55",PT/ISOL.PT,"","",""
"49",CINZA (RC),"","",""
"85","BR-PT,BR,VD","","",""
"86",PT-P B VD AC,"","",""
"50",PRETO (ENF),"","",""
"68",PT/VD/VM/AC,"","",""
"97","PT/VD/V,","","",""
"98",BR-BR,"","",""
"99",BR-AC,"","",""
"","","","",""
"","","","",""
