"OBCOD","OBCTT","GRUPO","OBCOD1","OBCTT1","GRUPO1"
"001","001",COBRE MATRIZ,"101","001",""
"001","002",COBRE FILIAL MS,"203","900",""
"001","003",COBRE FILIAL MA,"300","001",""
"001","009",COBRE PARAGUAI,"400","001",""
"002","001",ALUMINIO MATRIZ,"100","005",""
"002","002",ALUMINIO FILIAL MS,"204","001",""
"002","003",ALUMINIO FILIAL MA,"300","001",""
"003","001",TELEFONIA MATRIZ,"205","001",""
"003","002",TELEFONIA FILIAL MS,"205","001",""
"003","003",TELEFONIA FILIAL MA,"300","001",""
"004","002",LAMINACAO FILIAL MS,"208","001",""
"004","003",LAMINACAO FILIAL MA,"300","001",""
"004","004",LAMINACAO MS-GERAL,"208","001",""
"004","005",LAMINACAO MS-COBRE,"208","100",""
"004","006",LAMINACAO MS-ALUMINIO,"208","200",""
"005","002",LAMINACAO DE ALUMINIO FILIAL MS,"208","001",""
"005","003",LAMINACAO DE ALUMINIO FILIAL MA,"300","001",""
"006","002",PROJETO FINEP FILIAL MS,"200","120",""
"006","003",PROJETO FINEP FILIAL MA,"200","120",""
"007","002",CASA YPE FILIAL,"205","151",""
"008","001",TRANSPORTES MATRIZ MS,"100","800",""
"008","002",TRANSPORTES FILIAL SP,"100","800",""
"009","004",PARAGUAI PARAGUAI,"400","001",""
"010","001",FABRICA EM GERAL MATRIZ,"100","001",""
"010","002",FABRICA EM GERAL FILIAL MS,"200","001",""
"010","003",FABRICA EM GERAL FILIAL MA,"300","001",""
"015","001","","015","001",""
"015","002","","015","002",""
"020","001","","020","001",""
"050","001","","050","001",""
"050","002","","050","002",""
"500","001",RECEITA RECEITA,"500","001",""
"500","002",RECEITA FILIAL,"500","002",""
"900","001",REVERSOES/SEM CUSTO S/EFEITO DE CUSTO- MATRIZ,"900","001",""
"900","002",REVERSOES/SEM CUSTO S/EFEITO DE CUSTO - FILIA,"900","002",""
"900","003",REVERSOES/SEM CUSTO S/EFEITO DE CUSTO - MA,"900","003",""
"901","001",TITULOS DESCONTADOS GERAL,"901","001",""
"902","001",SR. EISI SR. EISI,"902","001",""
