"OBCOD","OBCTT","OBCDE"
"100","001",GERAL
"100","002",INFRA ESTRUTORA
"100","007",MANUTENCAO ELETRICA
"100","008",MANUTENCAO MECANICA
"100","011",FINANCEIRO
"100","012",CONTABILIDADE
"100","013",RECEPCAO
"100","014",DIRETORIA
"100","015",COMERCIAL
"100","016",COBRANCA
"100","017",INFORMATICA
"100","019",SEG.TRABALHO
"100","020",RH
"100","021",PORTARIA
"100","023",COMPRAS
"100","024",LOGISTICA
"100","027",EXPEDICAO
"100","028",LIMPEZA
"101","041",TREFILACAO
"101","042",CORTE E MEDICAO
"101","043",TORCIMENTO
"101","044",EXTRUSAO
"101","045",PCP
"101","046",RECUPERACAO
"101","047",DESCASQUE/SUCATA
"101","048",FLEXIVEIS
"101","049",REPASSE
"101","050",GRAVACAO DE VEIAS
"101","051",ENFAIXATRIZ
"101","053",EMPILHADEIRA
"101","055",APOIO
"101","060",CONTROLE DE QUALIDADE
