"S1","ENCOD","PROC","S3","ENNOM","S2","TIPO","X3","NORMA1","NORMA2","S4"
"","01",,"",Formacao do Condutor,"",R,"",NBR 624,"",N         S
"","02",,"",Diametro do Cond.Elementar,"",R,"",NBR 624,"",N         S
"","03",,"",Alongamento do Cond.Elementar,"",R,"","6810","6156",N         N
"","04",,"",Resist./Tracao Cond.Elementar,"",E,"","6810","6156",N         N
"","05",,"",Resist./Ruptura Cond.Elementar,"",E,"","6810","6156",N         N
"","06",,"",Diametro do Condutor,"",R,"","6242","",S         S
"","07",,"",Passo de Torcao,"",R,"","6242","",N         S
"","08",,"",Sentido de Torcao,"",R,"","6242","",N         S
"","09",,"",Resist.Elet.Max.Condutor 20 oC,"",R,"","6814","",N         S
"","10",,"",Massa do Condutor,"",R,"","","",N         N
"","11",,"",Area Real da Secao do Condutor,"",R,"","6242","",N         S
"","12",,"",Resistencia Tracao Condutor,"",T,"","6810","6156",N         S
"","13",,"",Diametro de Isolacao,"",R,"","6242","",S         N
"","14",,"",Espessura da Isolacao,"",R,"","6242","",S         N
"","15",,"",Area da Secao do Isolante,"",E,"","","",S         N
"","16",,"",Alongamento do Isolante,"",E,"","6241","",S         N
"","17",,"",Resist. Tracao do Isolante,"",E,"","6241","",S         N
"","18",,"",Carga de Ruptura do Isolante,"",E,"","6241","",S         N
"","19",,"",Diametro da Capa (Final),"",R,"","6242","",S         N
"","20",,"",Espessura da Capa,"",R,"","6242","",S         N
"","21",,"",Area da Secao da Capa,"",E,"","","",S         N
"","22",,"",Alongamento da Capa,"",E,"","6241","",S         N
"","23",,"",Resist. a Tracao da Capa,"",E,"","6241","",S         N
"","24",,"",Carga de Ruptura da Capa,"",E,"","6241","",S         N
"","25",,"",Carga de Retencao da Isolacao,"",E,"","","",S         N
"","26",,"",Tensao Aplicada,"",R,"","6881","",S         N
"","27",,"",Resist. Isolam. Temp Ambiente,"",R,"","6813","",S         N
"","28",,"",Resist. Isolam. a 70 oC,"",T,"","6813","",N         N
"","29",,"",Tensao Aplicada Longa Duracao,"",T,"","6813","",N         N
"","30",,"",Envelhecimento Acelerado,"",E,"","6238","",S         N
"","31",,"",Resist. a Propagacao de Chamas,"",E,"","6244","",S         N
"","32",,"",Choque Termico,"",T,"","6243","",N         N
"","33",,"",Encolhimento da Capa,"",E,"","7042","",N         N
"","34",,"",Deformacao a Quente,"",T,"","6239","",N         N
"","35",,"",Absorcao de Agua,"",T,"","7040","",N         N
"","36",,"",Diametros de Veias,"",R,"","6242","",S         S
"","37",,"",Passo de Reunioes de Veias,"",R,"","6242","",N         S
"","38",,"",Sentido de Reunioes de Veias,"",R,"","6242","",N         S
"","39",,"",Continuidade das Veias,"",R,"","","",N         N
"","40",,"",Curto-Circuito entre Veias,"",R,"","","",N         N
"","41",,"",Talqueamento/Ader. da Capa,"",R,"","","",S         N
"","42",,"",Paralelo Eixo Maior,"",R,"","6242","",S         N
"","43",,"",Paralelo Eixo Menor,"",R,"","6242","",S         N
"","44",,"",Paralelos Espessura Canal,"",R,"","6242","",S         N
"","45",,"",Paralelos Entre Condutores,"",R,"","6242","",S         N
"","46",,"",Paralelos Bipartimento,"",R,"","","",S         N
"","47",,"",Indice de Oxigenio,"",R,"","6242","",N         N
"","48",,"",Gravacao,"",R,"","","",S         N
"","49",,"",Inspecao Visual,"",R,"","","",S         S
"","50",,"",Teor Negro De Fumo,"",T,"","7104","",N         N
"","51",,"",Impedancia,"",E,"",MB 2305,"",S         N
"","52",,"",Resistividade do Cobre,"","","",NBR 681,NBR 511,N         S
"","53",,"",Dobramento a frio,"",T,"","6246","",S         N
"","54",,"",Remetragem,"",R,"","","",S         N
"","55",,"",Alongamento a Frio,"",T,"","6247","",S         N
"","56",,"",Sparker Test ( Centelhador ),"",R,"","10.537","",S         N
"","57",,"",Contracao,"",E,"",MB 2316,"",S         N
"","58",,"",Fissuracao,"",E,"",MB 2315,"",S         N
"","59",,"",Desequilibrio Resistivo,"",E,"",MB 2303,"",S         N
"","60",,"",Separacao Veias a Frio,"",E,"",NBR 915,"",S         N
"","61",,"",Retracao,"",E,"",MB 1597,"",S         N
"","62",,"",Capacitancia Mutua,"",E,"",MB 2301,"",S         N
"","63",,"",Torcao Reversa,"",R,"",NBR 680,"",N         N
"","64",,"",Soldabilidade Camada Estanho,"",R,"","","",N         N
"","65",,"",Ader.e Cont. Camada Estanho,"",R,"","","",N         N
"","66",,"",Formar o par pela Resistencia,"",R,"","","",S         N
