"ENCOD","ENPRO","ENNOM","TIPO","NORMA1","NORMA2"
"010","",Formacao do Condutor,R,NBR 624,""
"020",,Diametro do Cond.Elementar,R,NBR 624,""
"030",,Alongamento do Cond.Elementar,R,NBR 6810,NBR 6156
"040",Harbour,Resist./Tracao Cond.Elementar,E,NBR 6810,NBR 6156
"050",,Resist./Ruptura Cond.Elementar,E,NBR 6810,NBR 6156
"060",,Diametro do Condutor,R,NBR 6242,""
"070",Harbour,Passo de Torcao,R,NBR 6242,""
"080",,Sentido de Torcao,R,NBR 6242,""
"090",Harbour,Resist.Elet.Max.Condutor 20 oC,R,NBR 6814,""
"100",,Massa do Condutor,R,"",""
"110",,Area Real da Secao do Condutor,R,NBR 6242,""
"120",,Resistencia Tracao Condutor,T,NBR 6810,NBR 6156
"130",Harbour,Diametro de Isolacao,R,NBR 6242,""
"140",,Espessura da Isolacao,R,NBR 6242,""
"150",Harbour,Area da Secao do Isolante,E,"",""
"160",PARA FAZER O ENSAIO DSDSSDSDSDA;DS; ;;,Alongamento do Isolante,E,NBR 6241,""
"170",Harbour,Resist. Tracao do Isolante,E,NBR 6241,""
"180",Harbour,Carga de Ruptura do Isolante,E,NBR 6241,""
"190",Harbour,Diametro da Capa (Final),R,NBR 6242,""
"200",,Espessura da Capa,R,NBR 6242,""
"210",Harbour,Area da Secao da Capa,E,"",""
"220",Harbour,Alongamento da Capa,E,NBR 6241,""
"230",Harbour,Resist. a Tracao da Capa,E,NBR 6241,""
"240",Harbour,Carga de Ruptura da Capa,E,NBR 6241,""
"250",Harbour,Carga de Retencao da Isolacao,E,"",""
"260",Harbour,Tensao Aplicada,R,NBR 6881,""
"270",Harbour,Resist. Isolam. Temp Ambiente,R,NBR 6813,""
"280",,Resist. Isolam. a 70 oC,T,NBR 6813,""
"290",Harbour,Tensao Aplicada Longa Duracao,T,NBR 6813,""
"300",,Envelhecimento Acelerado,E,NBR 6238,""
"310",,Resist. a Propagacao de Chamas,E,NBR 6244,""
"320",Harbour,Choque Termico,T,NBR 6243,""
"330",Harbour,Encolhimento da Capa,E,NBR 7042,""
"340",Harbour,Deformacao a Quente,T,NBR 6239,""
"350",Harbour,Absorcao de Agua,T,NBR 7040,""
"360",Harbour,Diametros de Veias,R,NBR 6242,""
"370",Harbour,Passo de Reunioes de Veias,R,"6242",""
"380",Harbour,Sentido de Reunioes de Veias,R,"6242",""
"390",Harbour,Continuidade das Veias,R,"",""
"400",Harbour,Curto-Circuito entre Veias,R,"",""
"410",Harbour,Talqueamento/Ader. da Capa,R,"",""
"420",Harbour,Paralelo Eixo Maior,R,NBR 6242,""
"430",,Paralelo Eixo Menor,R,NBR 6242,""
"440",,Paralelos Espessura Canal,R,NBR 6242,""
"450",Harbour,Paralelos Entre Condutores,R,NBR 6242,""
"460",Harbour,Paralelos Bipartimento,R,"",""
"470",Harbour,Indice de Oxigenio,R,"6242",""
"480",,Gravacao,R,"",""
"490",,Inspecao Visual,R,"",""
"500",Harbour,Teor Negro De Fumo,T,"7104",""
"510",Harbour,Impedancia,E,MB 2305,""
"520",Harbour,Resistividade do Cobre,"",NBR 681,NBR 511
"530",Harbour,Dobramento a frio,T,"6246",""
"540",Harbour,Remetragem,R,"",""
"550",Harbour,Alongamento a Frio,T,"6247",""
"560",Harbour,Sparker Test ( Centelhador ),R,"10.537",""
"570",Harbour,Contracao,E,MB 2316,""
"580",Harbour,Fissuracao,E,MB 2315,""
"590",Harbour,Desequilibrio Resistivo,E,MB 2303,""
"600",Harbour,Separacao Veias a Frio,E,NBR 915,""
"610",Harbour,Retracao,E,MB 1597,""
"620",Harbour,Capacitancia Mutua,E,MB 2301,""
"630",Harbour,Torcao Reversa,R,NBR 680,""
"640",Harbour,Soldabilidade Camada Estanho,R,"",""
"650",Harbour,Ader.e Cont. Camada Estanho,R,"",""
"660",,Formar o par pela Resistencia,R,"",""
