"IT_GR","IT_BI","IT_CR","UNIDA","DESEX","CODEX","FCOD"
"007","005","01",m,"FIO ISOL COBRE PVC/BWF MR 2,50 MM2","50424","07197"
"276","382","40",m,CABO MLP ALUM XLPE 1X 1X 10/ 10MM2,"30060","07197"
"","","","",CABO MLP ALUM XLPE 1X 1X 16/ 16MM2,"30087","07197"
"276","385","40",m,CABO MLP ALUM XLPE 2X 1X 10/ 10MM2,"30061","07197"
"276","413","40",m,CABO MLP ALUM XLPE 2X 1X 16/ 16MM2,"30053","07197"
"","","","",CABO MLP ALUM XLPE 2X 1X 25/ 25MM2,"32390","07197"
"276","388","40",m,CABO MLP ALUM XLPE 3X 1X 10/ 10MM2,"30115","07197"
"278","450","42",m,CABO MLP ALUM XLPE 3X 1X 120/ 70MM2,"30120","07197"
"276","423","40",m,CABO MLP ALUM XLPE 3X 1X 16/ 16MM2,"30057","07197"
"276","424","40",m,CABO MLP ALUM XLPE 3X 1X 25/ 25MM2,"30058","07197"
"","","","",CABO MLP ALUM XLPE 3X 1X 35/ 35MM2,"30055","07197"
"278","441","42",m,CABO MLP ALUM XLPE 3X 1X 35/ 50MM2,"30116","07197"
"","","","",CABO MLP ALUM XLPE 3X 1X 50/ 50MM2,"30121","07197"
"278","426","42",m,CABO MLP ALUM XLPE 3X 1X 50/ 50MM2,"30117","07197"
"","","","",CABO MLP ALUM XLPE 3X 1X 70/ 50MM2,"30101","07197"
"278","443","42",m,CABO MLP ALUM XLPE 3X 1X 70/ 50MM2,"30118","07197"
"002","010","20",m,"CABO COBRE NU CL2A  25,00MM2","30459","07197"
"002","011","20",m,"CABO COBRE NU CL2A  35,00MM2","30465","07197"
"002","013","20",m,"CABO COBRE NU CL2A  70,00MM2","30461","07197"
"002","014","20",m,"CABO COBRE NU CL2A  95,00MM2","30467","07197"
"002","015","20",m,"CABO COBRE NU CL2A 120,00MM2","30462","07197"
"003","013","20",m,"CABO COBRE NU CL3A  70,00MM2","30466","07197"
"003","014","20",m,"CABO COBRE NU CL3A  95,00MM2","32410","07197"
"","","","","CABO ISOL COBRE PVC/BWF AZ/CL  10,00MM2","31161","07197"
"089","009","27",m,"CABO ISOL COBRE PVC/BWF AZ/CL  16,00MM2","30080","07197"
"","","","","CABO ISOL COBRE PVC/BWF AZ/CL  25,00MM2","31910","07197"
"","","","","CABO ISOL COBRE PVC/BWF PT 2,50MM2","30088","07197"
"","","","","CABO ISOL COBRE PVC/BWF PT 10,00MM2","30049","07197"
"089","009","13",m,"CABO ISOL COBRE PVC/BWF PT 16,00MM2","30050","07197"
"","","","","CABO ISOL COBRE PVC/BWF PT 25,00MM2","30089","07197"
"","","","","CABO ISOL COBRE PVC/BWF PT 35,00MM2","30097","07197"
"","","","","CABO ISOL COBRE PVC/BWF PT 95,00MM2","30091","07197"
"067","008","10",m,"CABO ISOL COBRE XLPE PT 10,00MM2","30122","07197"
"067","013","10",m,"CABO ISOL COBRE XLPE PT  70,00MM2","30109","07197"
"067","015","10",m,"CABO ISOL COBRE XLPE PT 120,00MM2","30130","07197"
"067","017","10",m,"CABO ISOL COBRE XLPE PT 185,00MM2","33013","07197"
"","","","","CABO ISOL COBRE XLPE PT 240,00MM2","33014","07197"
"","","","","CABO POT CL2 BR 01X  2,50MM2","30090","07197"
"065","891","09",m,"CABO POT CL2 PVC/ST2 BR 01X 1,50MM2","30107","07197"
"065","892","09",m,"CABO POT CL2 PVC/ST2 BR 01X 2,50MM2","30105","07197"
"065","891","10",m,"CABO POT CL2 PVC/ST2 PT 01X 1,50MM2","30108","07197"
"065","892","10",m,"CABO POT CL2 PVC/ST2 PT 01X  2,50MM2","30106","07197"
"","","","","FIO COBRE NU CL1 10,00MM2","50422","07197"
"","","","","FIO COBRE NU CL1 16,00MM2","50413","07197"
"","","","","FIO COBRE NU CL1A  6,00MM2","50411","07197"
"","","","","FIO COBRE NU CL1A 10,00MM2","50412","07197"
"001","009","20",Kg,"FIO COBRE NU CL1A 16,00MM2","50408","07197"
"","","","","FIO COBRE NU CL1A 35,00MM2","50410","07197"
"007","005","04",m,"FIO ISOL COBRE PVC/BWF AM  2,50MM2","50399","07197"
"007","005","11",m,"FIO ISOL COBRE PVC/BWF AZ/CL  2,50MM2","50405","07197"
"007","007","11",m,"FIO ISOL COBRE PVC/BWF AZ/CL  6,00MM2","52508","07197"
"007","005","09",m,"FIO ISOL COBRE PVC/BWF BR  2,50MM2","50396","07197"
"007","005","01",m,"FIO ISOL COBRE PVC/BWF MR  2,50MM2","50424","07197"
"007","004","10",m,"FIO ISOL COBRE PVC/BWF PT  1,50MM2","50402","07197"
"007","005","10",m,"FIO ISOL COBRE PVC/BWF PT  2,50MM2","50423","07197"
"007","006","10",m,"FIO ISOL COBRE PVC/BWF PT  4,00MM2","50403","07197"
"007","007","10",m,"FIO ISOL COBRE PVC/BWF PT  6,00MM2","30129","07197"
"007","008","10",m,"FIO ISOL COBRE PVC/BWF PT 10,00MM2","51415","07197"
"007","005","05",m,"FIO ISOL COBRE PVC/BWF VD  2,50MM2","50397","07197"
"007","005","02",m,"FIO ISOL COBRE PVC/BWF VM  2,50MM2","50400","07197"
"212","012","08",m,"CABO AEREO ALUM CA POLIM 15KV  50,00MM2","30822","07197"
"212","013","08",m,"CABO AEREO ALUM CA POLIM 15KV  70,00MM2","30823","07197"
"212","015","08",m,"CABO AEREO ALUM CA POLIM 15KV 120,00MM2","30824","07197"
"212","017","08",m,"CABO AEREO ALUM CA POLIM 15KV 185,00MM2","30825","07197"
"","","","","CABO AEREO ALUM CA POLIM 35KV  70,00MM2","31210","07197"
"","","","","CABO AEREO ALUM CA POLIM 35KV 120,00MM2","30826","07197"
"","","","","CABO AEREO ALUM CA POLIM 35KV 185,00MM2","30827","07197"
"212","018","08",m,"CABO AEREO ALUM POLIM 15KV  240,00MM2","32581","07197"
"202","255","20",Kg,CABO ALUM NU CA CLA ASTER     2/0AWG,"30463","07197"
"202","269","20",Kg,"CABO ALUM NU CA CLA COSMOS  477,00MCM","30453","07197"
"","","","","CABO ALUM NU CA CLA COWSLIP 2000,00MCM","31042","07197"
"202","252","20",Kg,CABO ALUM NU CA CLA IRIS       2AWG,"30451","07197"
"202","257","20",Kg,CABO ALUM NU CA CLA OXLIP     4/0AWG,"30436","07197"
"202","264","20",Kg,"CABO ALUM NU CA CLA TULIP  336,40MCM","30437","07197"
"","","","","CABO ALUM NU CA CLAA CANNA  397,50MCM","30452","07197"
"","","","","CABO ALUM NU CA CLAA CANNA  397,50MCM","31281","07197"
"","","","","CABO ALUM NU CA CLAA VIOLET  715,50MCM","30438","07197"
"204","185","20",Kg,"CABO ALUM NU CAA GROSBEAK  636,00MCM","31280","07197"
"","","","","CABO ALUM NU CAA HEN  477,00MCM","30445","07197"
"","","","","CABO ALUM NU CAA LEGHORN  134,60MCM","52557","07197"
"204","165","20",Kg,"CABO ALUM NU CAA LINNET 366,4 MCM","32624","07197"
"204","164","20",Kg,"CABO ALUM NU CAA MERLIN  336,40MCM","30447","07197"
"204","166","20",Kg,"CABO ALUM NU CAA ORIOLE  336,40MCM","30444","07197"
"","","","","CABO ALUM NU CAA ORIOLE  336,40MCM CL B","33293","07197"
"","","","","CABO ALUM NU CAA PARTRIDGE  266,80MCM","30991","07197"
"204","160","20",Kg,CABO ALUM NU CAA PENGUIN     4/0AWG,"30443","07197"
"204","159","20",Kg,CABO ALUM NU CAA PIGEON     3/0AWG,"30464","07197"
"204","158","20",Kg,CABO ALUM NU CAA QUAIL     2/0AWG,"30442","07197"
"204","157","20",Kg,CABO ALUM NU CAA RAVEN  1/0 AWG,"30432","07197"
"204","154","20",Kg,CABO ALUM NU CAA SPARROW       2AWG,"30441","07197"
"204","152","20",Kg,CABO ALUM NU CAA SWAN       4AWG,"30440","07197"
"","","","","FIO ALUM NU H14/H24 21,15MM2","50418","07197"
"069","861","13",m,CABO MLP COBRE XLPE 1X 1X 10/ 10MM2,"30071","07197"
"","","","",CABO MLP COBRE XLPE 2X 1X 10/ 10MM2,"30099","07197"
"","","","",CABO MLP COBRE XLPE 2X 1X 16/ 16MM2,"32552","07197"
"","","","",CABO MLP COBRE XLPE 2X 1X 25/ 25MM2,"32553","07197"
"069","863","13",m,CABO MLP COBRE XLPE 3X 1X 10/ 10MM2,"30069","07197"
"","","","",CABO MLP COBRE XLPE 3X 1X 16/ 16MM2,"30067","07197"
"","","","",CABO MLP COBRE XLPE 3X 1X 25/ 25MM2,"30068","07197"
"","","","",CABO MLP COBRE XLPE 3X 1X 35/ 35MM2,"30070","07197"
"","","","",CABO MLP COBRE XLPE 3X 1X 70/ 70MM2,"30051","07197"
"073","027","10",m,"CABO CONT CL4/5 PVCA FITA MET 2X1,50MM2","56980","07197"
"073","028","10",m,"CABO CONT CL4/5 PVCA FITA MET 2X2,50MM2","30043","07197"
"073","029","10",m,"CABO CONT CL4/5 PVCA FITA MET 2X4,00MM2","30045","07197"
"276","463","48",m,CABO MLP ALUM XLPE 2X 1X 16/ 16MM2 N ISO,"33513","07197"
"276","474","45",m,CABO MLP ALUM XLPE 3X 1X 25/ 25MM2 N ISO,"33515","07197"
"276","462","48",m,CABO MLP ALUM XLPE 2X 1X 10/ 10MM2 N ISO,"33517","07197"
"276","452","37",m,CABO MLP ALUM XLPE 1X 1X 10/ 10MM2 N ISO,"33516","07197"
"276","473","45",m,CABO MLP ALUM XLPE 3X 1X 16/ 16MM2 N ISO,"33514","07197"
"276","453","37",m,CABO MLP ALUM XLPE 1X 1X 16/ 16MM2 N ISO,"33518","07197"
"276","472","45",m,CABO MLP ALUM XLPE 3X 1X 10/ 10MM2 N ISO,"33519","07197"
