"IMPOR","OBCOD","OBCTT","OBCDE","OBRES"
true,]00,"001",S/EFEITO DE CUSTO- MATRIZ,REVERSAO
true,"500","001",RECEITA,RECEITA
true,"901","001",GERAL,""
true,"902","001",SR. EISI,""
true,"900","002",S/EFEITO DE CUSTO - MS,""
true,"500","002",FILIAL,""
true,"900","003",S/EFEITO DE CUSTO - MA,""
true,"100","001",GERAL,""
true,"100","002",INFRA ESTRUTORA,""
true,"100","007",MANUTENCAO ELETRICA,""
true,"100","008",MANUTENCAO MECANICA,""
true,"100","011",FINANCEIRO,""
true,"100","012",CONTABILIDADE,""
true,"100","013",RECEPCAO,""
true,"100","014",DIRETORIA/GERENCIA,""
true,"100","015",COMERCIAL,""
true,"100","016",COBRANCA,""
true,"100","017",INFORMATICA,""
true,"100","019",SEG.TRABALHO,""
true,"100","020",RH,""
true,"100","021",PORTARIA,""
true,"100","023",COMPRAS,""
true,"100","024",LOGISTICA,""
true,"100","027",EXPEDICAO,""
true,"100","028",LIMPEZA,""
true,"101","041",TREFILACAO,""
true,"101","042",CORTE E MEDICAO,""
true,"101","043",TORCIMENTO,""
true,"101","044",EXTRUSAO,""
true,"101","045",PCP,""
true,"101","046",RECUPERACAO,""
true,"101","047",DESCASQUE/SUCATA,""
true,"101","048",FLEXIVEIS,""
true,"101","049",REPASSE,""
true,"101","050",GRAVACAO DE VEIAS,""
true,"101","051",ENFAIXATRIZ,""
true,"101","053",EMPILHADEIRA,""
true,"101","055",APOIO,""
true,"101","060",CONTROLE DE QUALIDADE,""
true,"200","001",GERAL,""
true,"200","002",INFRA ESTRUTORA,""
true,"200","007",MANUTENCAO ELETRICA,""
true,"200","008",MANUTENCAO MECANICA,""
true,"200","013",RECEPCAO,""
true,"200","014",GERENCIA,""
true,"200","017",INFORMATICA,""
true,"200","019",SEG.TRABALHO,""
true,"200","020",RH,""
true,"200","021",PORTARIA,""
true,"200","024",LOGISTICA,""
true,"200","027",EXPEDICAO,""
true,"200","028",LIMPEZA,""
true,"200","041",TREFILACAO,""
true,"203","042",CORTE E MEDICAO,""
true,"203","043",TORCIMENTO,""
true,"203","044",EXTRUSAO,""
true,"203","045",PCP,""
true,"203","046",RECUPERACAO,""
true,"203","047",DESCASQUE/SUCATA,""
true,"203","048",FLEXIVEIS,""
true,"203","049",REPASSE,""
true,"203","050",GRAVACAO DE VEIAS,""
true,"203","051",ENFAIXATRIZ,""
true,"203","053",EMPILHADEIRA,""
true,"203","055",APOIO,""
true,"203","060",CONTROLE DE QUALIDADE,""
true,"204","042",CORTE E MEDICAO,""
true,"204","043",TORCIMENTO,""
true,"204","044",EXTRUSAO,""
true,"204","045",PCP,""
true,"204","046",RECUPERACAO,""
true,"204","047",DESCASQUE/SUCATA,""
true,"204","048",FLEXIVEIS,""
true,"204","049",REPASSE,""
true,"204","050",GRAVACAO DE VEIAS,""
true,"204","051",ENFAIXATRIZ,""
true,"204","053",EMPILHADEIRA,""
true,"204","055",APOIO,""
true,"204","060",CONTROLE DE QUALIDADE,""
true,"205","042",CORTE E MEDICAO,""
true,"205","043",TORCIMENTO,""
true,"205","044",EXTRUSAO,""
true,"205","045",PCP,""
true,"205","046",RECUPERACAO,""
true,"205","047",DESCASQUE/SUCATA,""
true,"205","048",FLEXIVEIS,""
true,"205","049",REPASSE,""
true,"205","050",GRAVACAO DE VEIAS,""
true,"205","051",ENFAIXATRIZ,""
true,"205","053",EMPILHADEIRA,""
true,"205","055",APOIO,""
true,"205","060",CONTROLE DE QUALIDADE,""
true,"208","001",GERAL,""
true,"208","100",COBRE,""
true,"208","200",ALUMINIO,""
true,"300","001",GERAL,""
true,"300","002",INFRA ESTRUTURA,""
true,"300","014",GERENCIA,""
true,"300","024",LOGISTICA,""
true,"200","012",CONTABILIDADE,""
true,"300","012",CONTABILIDADE,""
true,"400","001",PLANILHA,""
true,"205","151",CASA ALUGUEIS,""
true,"200","120",PROJETO BRASCOPPER FINEP,""
true,"204","041",TREFILACAO,""
true,"205","041",TREFILACAO,""
true,"204","151",CASA ALUGUEIS,""
true,"203","151",CASA ALUGUEIS,""
true,"300","151",CASA ALUGUEIS,""
true,"203","152",TREFILACAO,""
true,"100","800",TRANSPORTES (ANTIGO),""
true,"200","003",INFRA ESTRUTURA ALUMINIO,""
true,"204","001",GERAL,""
true,"101","001",GERAL,""
true,"203","900",ANTIGO COBRE FILIAL,""
true,"100","005",MATERIA PRIMA,""
true,"205","001",GERAL,""
true,"200","005",MATERIA PRIMA,""
true,"204","056",MANUTENCAO,""
true,"205","056",MANUTENCAO,""
true,"203","056",MANUTENCAO,""
true,"203","041",GERAL,""
true,"450","001",PLANILHA,""
true,"100","022",LICITACOES,""
true,"101","040",ADM.DE PRODUCAO,""
true,"203","040",ADM DE PRODUCAO,""
true,"204","040",ADM DE PRODUCAO,""
true,"205","040",ADM DE PRODUCAO,""
true,"200","029",ALMOXARIFADO,""
true,"200","009",ADMINISTRATIVO,""
true,"200","050",FAZ.LAURENTIIS,""
true,"100","025",CAMINHAO,""
true,"200","060",CONTROLE DE QUALIDADE,""
true,"200","053",EMPIHADEIRA,""
true,"401","001",PLANILHA,""
true,"206","001",GERAL,""
true,"102","001",GERAL,""
true,"100","070",MANUTENCAO PREDIAL,""
true,"200","006",MANUTENCAO,""
true,"100","801",ADMINISTRATIVO,""
true,"900","004",S/EFEITO DE CUSTO - CONDEL (MAQ VENDIDAS,""
true,"900","001",S/EFEITO DE CUSTO - SP,""
true,"100","029",COMERCIO EXTERIOR,""
true,"100","030",CONTROLADORIA,""
true,"100","031",SUPRIMENTOS,""
true,"400","002",CONSTRUCAO DE MAQ PARA EXP,""
true,"450","002",CONSTRUCAO DE MAQ P/ EXP,""
true,"450","003",GERAL,""
true,"401","002",CONSTRUCAO DE MAQ P/ EXP,""
true,"401","003",GERAL,""
true,"400","003",GERAL,""
true,"100","040",FUNC.REG.BR.TRANSPORTES,""
true,"204","057",CALDERARIA,""
true,"300","017",INFORMATICA,""
true,"205","008",MANUTENCAO ELETRICA,""
true,"209","001",GERAL,""
true,"304","042",CORTE E MEDICAO,""
true,"304","043",TORCIMENTO,""
true,"304","044",EXTRUSAO,""
true,"304","045",PCP,""
true,"304","046",RECUPERACAO,""
true,"304","047",DESCASQUE/SUCATA,""
true,"304","048",FLEXIVEIS,""
true,"304","049",REPASSE,""
true,"304","050",GRAVACAO DE VEIAS,""
true,"304","051",ENFAIXATRIZ,""
true,"304","053",EMPILHADEIRA,""
true,"304","055",APOIO,""
true,"304","060",CONTROLE DE QUALIDADE,""
true,"304","041",TREFILACAO,""
true,"304","001",GERAL,""
true,"304","056",MANUTENCAO,""
true,"304","040",ADM DE PRODUCAO,""
true,"304","057",CALDERARIA,""
true,"308","001",GERAL,""
true,"300","007",MANUTENCAO ELETRICA,""
true,"300","008",MANUTENCAO MECANICA,""
true,"300","009",LOGISTICA,""
true,"100","035",PROJETOS,""
true,"301","001",MA FABRIL,""
true,"301","002",EMPILHADEIRA,""
true,"300","003",PORTARIA,""
true,"300","010",SEGURANA DO TRABALHO,""
true,"300","011",ADMINISTRATIVO,""
true,"100","036",PROJETOS MAQUINAS,""
true,"204","058",MANUTENCAO MECANICA INDUSTRIAL,""
true,"204","059",MANUTENCAO MECANICA,""
true,"300","015",LIMPEZA,""
true,"300","016",RECURSOS HUMANOS,""
