"IMPOR","OBCOD","OBNOM","OBRES"
true,"900",REVERSOES/SEM CUSTO,REVERS
true,"500",RECEITA,RECEIT
true,"901",TITULOS DESCONTADOS,TITDES
true,"902",SR. EISI,""
true,"100",SP-COMUM,""
true,"101",SP-COBRE,""
true,"200",MS-COMUM,""
true,"203",MS-INDUSTRIAL,""
true,"204",MS-ALUMINIO,""
true,"205",MS-TELEFONIA,""
true,"208",MS-LAMINACAO,""
true,"300",MA-COMUM,""
true,"400",CONDEL-COMUM,""
true,"450",CHILE-COMUM,""
true,"401",CONDEL FUNDICIONES,""
true,"206",MS-FIBRA OPTICA,""
true,"102",SP-REFINARIA DE COBRE,""
true,"209",MS-ALUMINIO ESMALTADO,""
true,"304",MA-ALUMINIO,""
true,"308",MA-LAMINACAO,""
true,"301",MA-INDUSTRIAL,""
