"MAOUF","LOCAL","LOGIP","LPTX","ITIPO","ISIOP","IMCOD","INOME","IDESC"
"1",BR80,"192.168.1.81",U,L,W,"0081",M081l,HP LASERJER 2410 MARIO
"1",PCP MATRIZ 1,"192.168.10.175",Z,Z,"","0001",M109z,ZEBRA 1 ZM 4 MATRIZ
"1",PCP MATRIZ 2,"192.168.10.176",Z,Z,"","0002",M112z,ZEBRA 2 ZM 4 MATRIZ
"1",PCP MATRIZ 3,"192.168.10.180",R,z,"","0003",M118z,ZEBRA TLP2844 PCP-SP
"1",PCP MATRIZ 4,"192.168.10.178",R,z,"","0004",M106z,ARGOX 2
"1",PCP MATRIZ 5,"192.168.10.049",R,z,"","0005",M049z,ZEBRA TLP INFORMATICA
"1",PCP TELECOM,"",Z,Z,"","0006",F117Z,ZEBRA ZM 4 FILIAL TEL
"1",PCP ALUMINIO,"",R,R,"","0007",F165r,ARGOX 5 PCP FILIAL ALU
"1",PCP EXPEDICAO,"",R,z,"","0008",F167z,ZEBRA TLP FILIAL EXP
"1",PCP MARANHAO,"",R,z,"","0009",T105z,ZEBRA TLP2844 PCP-MA
"1",PCP MATRIZ6,"192.168.10.178",R,z,"","0010",M106r,ZEBRA TLP2844 PCP-SP 2
