"MAOUF","LOCAL","LOGIP","LPTX","ITIPO","ISIOP","IMCOD","INOME","IDESC"
"1",BR80,"192.168.1.81",U,L,W,"0081",M081l,HP LASERJER 2410 MARIO
"1",P114,"192.168.1.114",P,L,W,"0114",M114l,BROTHER 5250-DN VENDAS
"1",BR94,"","1",M,"","0094",M094m,MATRICIAL PCP-SP
"1",BR93,"","1",M,"","0093",M093m,EPSON FX 1170 - VANESSA
"1",BR22,"","1",L,"","0022",M022l,LASERJET 2300 PCP-SP
"1",BR92,"","1",M,"","0092",M092m,EPSON FX 1170 - ANA PAULA
"1",BR69,"","1",L,"","0069",M069l,BROTHER PRISCILA
"1",BR91,"","1",M,"","0091",M091m,EPSON FX 1170 - RITA
"1",BR89,"","1",M,"","0089",M089m,EPSON FX 1170 - VANIA
"1",BR01,"","1",L,"","0001",M001l,LASERJET 2420 LEONAR
"1",BR29,"","1",M,"","0029",M029m,EPSON FX 2180 LUCIA
"1",BR96,"","1",M,"","0096",M096m,EPSON FX 1170 - KET
"2",P120,"","1",L,"","0120",F120l,BROTHER 5250-DN ENC.
"2",BR09,"","1",L,"","0009",F009l,BROTHER 5250DN PCP-MS
"2",BR06,"","1",L,"","0006",F006l,BROTHER 5250DN ALM-MS
"2",USB MAQ LUCIANA,"","1",L,"","0055",F055l,XEROX M15  SERIES LUCIANA
"2",BR68,"","1",L,"","0068",F068l,LASERJET 1300 RHMS
"2",P117,"","1",T,"","0117",F117z,ZEBRA 01 PCPMS
"2",P118,"","1",T,"","0118",F118z,ZEBRA 02 PCPMS
"1",P118,"","1",M,"","0119",M118m,EPSON FX890 N.FISCAIS
"1",BR97,"","1",M,"","0097",M097m,EPSON FX 1170 - IDA
"1",BR17,"","1",M,"","0017",M017m,EPSON FX-1170-LUCIANAP
"1",BR54,"","1",L,"","0054",M054l,LASERJET 1200 - JANE
"2",P121,"","2",L,"","0121",F121L,BROTHER ALMOXARIFADO MS
"2",LPT MAQ LUCIANA,"","",M,"","0056",F056m,EPSON LX-810-L LUCIANA
"1",BR78,"","",L,"","0078",M078l,BROTHER MARCELO H
"2",USB ROSANGELA,"","",M,"","0057",F057m,MATRICIAL FX-890 NOTAS
"2",LPT ROSSANGELA,"","",L,"","0058",F058m,XEROX DOCUPRINT P8E
"2",BR09,"","",M,"","0010",F010m,EPSON LQ-2170 PCP-MS
"2",BR14,"","",L,"","0014",F014l,LASERJET 2300 PCP-MS
"2",BR47,"","",M,"","0047",F047m,EPSON LX-300 PCP-MS AL
"2",BR76,"","",L,"","0076",F076l,LASERJET 1300 EDUARDO
"2",BR36,"","",L,"","0036",F036l,BRSON FX 1170 - RICARDOMS
"1",FINANCEIRO,"","",L,"","0122",M119l,FATIMA
"1",PRINT SERVER,"","",M,"","0003",M117m,EPSON FX1170 VENDAS
"1",BR40,"","",M,"","0040",M040m,EPSON FX1170 VENDAS 2
"1",BR75,"","",M,"","0075",M075m,EPSON LX 300 RAFAEK
"1",P133,"","",M,"","0133",M133m,FINANCEIRO
"1",INFOR WLAN190,"","",L,"","0190",L190l,INFORMATICA
"1",BR18,"","",M,"","0018",M018m,EPSON FX 2180 - ELOISA
"1",BR181,"","",L,"","0181",M181l,BROTHER INFORMATICA
"1",BR32,"","",L,"","0032",F032L,BROTHER HL-5240 CQ
